<?xml version="1.0" encoding="utf-8"?>
<blog>
    <general>
        <title>PHP Depend news</title>
    </general>

    <categories>
        <category name="announcement" display="false">
            <displayName>Announcement</displayName>
            <title>PHP _Depend announcement</title>
        </category>
        <category name="devel" display="false">
            <displayName>Development</displayName>
            <title>PHP Depend development</title>
        </category>
        <category name="releases" display="false">
            <displayName>Releases</displayName>
            <title>PHP Depend releases</title>
        </category>
        <category name="support" display="false">
            <displayName>Support</displayName>
            <title>Commercial PHP Depend support</title>
        </category>
    </categories>

    <entries>
        <entry>
            <title>PHP_Depend 1.1.0 released</title>
            <path>pdepend-1.1.0-released.rst</path>
            <categories>
                <category>announcement</category>
                <category>releases</category>
            </categories>
        </entry>

        <entry>
            <title>PHP_Depend 1.0.0 released</title>
            <path>pdepend-1.0.0-released.rst</path>
            <categories>
                <category>announcement</category>
                <category>releases</category>
            </categories>
        </entry>

        <entry>
            <title>PHP_Depend 0.10.9 released</title>
            <path>pdepend-0.10.9-released.rst</path>
            <categories>
                <category>announcement</category>
                <category>releases</category>
            </categories>
        </entry>

        <entry>
            <title>PHP_Depend 0.10.8 released</title>
            <path>pdepend-0.10.8-released.rst</path>
            <categories>
                <category>announcement</category>
                <category>releases</category>
            </categories>
        </entry>

        <entry>
            <title>PHP_Depend 0.10.4 released</title>
            <path>pdepend-0.10.4-released.rst</path>
            <categories>
                <category>announcement</category>
                <category>releases</category>
            </categories>
        </entry>

        <entry>
            <title>PHP_Depend 0.10.2 released</title>
            <path>pdepend-0.10.2-released.rst</path>
            <categories>
                <category>announcement</category>
                <category>releases</category>
            </categories>
        </entry>

        <entry>
            <title>PHP_Depend 0.10.0 released</title>
            <path>pdepend-0.10.0-released.rst</path>
            <categories>
                <category>announcement</category>
                <category>releases</category>
            </categories>
        </entry>

        <entry>
            <title>Last release candidate 0.10.0RC3</title>
            <path>last-release-candidate-0.10.0rc3.rst</path>
            <categories>
                <category>announcement</category>
                <category>releases</category>
            </categories>
        </entry>
        <entry>
            <title>PHP_Depend development moved to GitHub</title>
            <path>pdepend-development-moved-to-github-2010-11-05.rst</path>

            <categories>
                <category>devel</category>
            </categories>
        </entry>
        <entry>
            <title>PHP_Depend 0.9.19 bugfix release</title>
            <path>release_announcement_0.9.19.rst</path>

            <categories>
                <category>announcement</category>
                <category>releases</category>
            </categories>
        </entry>

        <entry>
            <title>PHP_Depend 0.9.18 release</title>
            <path>release_announcement_0.9.18.rst</path>

            <categories>
                <category>announcement</category>
                <category>releases</category>
            </categories>
        </entry>

        <entry>
            <title>Professional Support for PHP Depend</title>
            <path>professional-support-for-pdepend.rst</path>

            <categories>
                <category>announcement</category>
                <category>support</category>
            </categories>
        </entry>
     

        <entry>
            <title>PHP_Depend 0.9.16 release</title>
            <path>release_announcement_0.9.16.rst</path>

            <categories>
                <category>announcement</category>
                <category>releases</category>
            </categories>
        </entry>

        <entry>
            <title>PHP_Depend 0.9.14 release</title>
            <path>release_announcement_0.9.14.rst</path>

            <categories>
                <category>announcement</category>
                <category>releases</category>
            </categories>
        </entry>

        <entry>
            <title>PHP_Depend 0.9.13 bugfix release</title>
            <path>release_announcement_0.9.13.rst</path>

            <categories>
                <category>announcement</category>
                <category>releases</category>
            </categories>
        </entry>

        <entry>
            <title>PHP_Depend-0.9.12 released</title>
            <path>release_announcement_0.9.12.rst</path>

            <categories>
                <category>announcement</category>
                <category>releases</category>
            </categories>
        </entry>

        <entry>
            <title>PHP_Depend-0.9.11 released</title>
            <path>release_announcement_0.9.11.rst</path>

            <categories>
                <category>announcement</category>
                <category>releases</category>
            </categories>
        </entry>

        <entry>
            <title>PHP_Depend-0.9.10 released</title>
            <path>release_announcement_0.9.10.rst</path>

            <categories>
                <category>announcement</category>
                <category>releases</category>
            </categories>
        </entry>

        <entry>
            <title>PHP_Depend-0.9.9 released</title>
            <path>release_announcement_0.9.9.txt</path>

            <categories>
                <category>announcement</category>
                <category>releases</category>
            </categories>
        </entry>

        <entry>
            <title>PHP_Depend-0.9.8 released</title>
            <path>release_announcement_0.9.8.txt</path>

            <categories>
                <category>announcement</category>
                <category>releases</category>
            </categories>
        </entry>

        <entry>
            <title>PHP_Depend-0.9.5 released</title>
            <path>release_announcement_0.9.5.txt</path>

            <categories>
                <category>announcement</category>
                <category>releases</category>
            </categories>
        </entry>

        <entry>
            <title>PHP Depend project website launched</title>
            <path>announcement_website_launched.txt</path>

            <categories>
                <category>announcement</category>
            </categories>
        </entry>

        <entry>
            <title>PHP_Depend-0.9.4 released</title>
            <path>release_announcement_0.9.4.txt</path>

            <categories>
                <category>announcement</category>
                <category>releases</category>
            </categories>
        </entry>
    </entries>
</blog>
