<?xml version="1.0" encoding="UTF-8"?>
<index>
    <site index="true" display="false">
        <name>PHPMD Releases</name>
        <path>index.rst</path>
    </site>

    <directory>
        <name>1.1.1</name>
        <path>1.1.1/</path>
    </directory>
    <directory>
        <name>1.1.0</name>
        <path>1.1.0/</path>
    </directory>
    <directory>
        <name>1.0.1</name>
        <path>1.0.1/</path>
    </directory>
    <directory>
        <name>1.0.0</name>
        <path>1.0.0/</path>
    </directory>
</index>
