<?xml version="1.0" encoding="UTF-8"?>
<document
        xmlns="http://maven.apache.org/changes/1.0.0"
    xmlns:xsi="http://www.w3.org/2001/XMLSchema-instance"
    xsi:schemaLocation="http://maven.apache.org/changes/1.0.0 http://maven.apache.org/plugins/maven-changes-plugin/xsd/changes-1.0.0.xsd">

    <properties>
        <title>PHPMD</title>
        <author email="mapi@phpmd.org">Manuel Pichler</author>
    </properties>

    <body>
        <release version="1.4.1"
                 date="2012/12/14"
                 description="This release integrates several pull requests.">

            <action date="e478912" dev="jrbasso" issue="10" system="github" type="add">
                Fix UnusedLocalVariable to recognize compact function.
            </action>
            <action date="158e1f5" dev="amllano" issue="58" system="github" type="add">
                Skip "unused formal parameter" checking when method signature has been annotated as inherited using @inheritdoc.
            </action>
            <action date="575fe7b" dev="mapi" issue="56" system="github" type="fix" due-to="cweiske">
                package.xml date invalid: 2011/02/12.
            </action>
        </release>

        <release version="1.4.0"
                 date="2012/09/07"
                 description="This release integrates some longer pending pull
                              requests and smaller bugfixes. One major addition
                              is support for Composer as distribution channel.">
            <action date="b7d659f" dev="Nimlhug" issue="11" system="github" type="add">
                Add getStringProperty($name) to AbstractRule.php.
            </action>
            <action date="458d566" dev="willemstuursma" issue="12" system="github" type="update" due-to="Willem Stuursma">
                Update README.rst on cmd line arguments.
            </action>
            <action date="22b523c" dev="bahulneel" issue="51" system="github" type="fix">
                Fixed handling of traits.
            </action>
            <action date="bc795b6" dev="palbertini" issue="53" system="github" type="add">
                Added getStringProperty and rule-setting to change TooManyMethods ignore Regexp.
            </action>
            <action date="3622bb8" dev="3622bb8" issue="10" system="github" type="add">
                Provide PHPMD as composer dependency on packagist.org.
            </action>
        </release>

        <release version="1.3.3"
                 date="2012/02/29"
                 description="This release closes an issue introduced with the
                              last release. It closes one more regression related
                              to PHP's memory_limit and the Suhosin patch.">
            <action date="e8b546d" dev="mapi" type="fix" due-to="Guido van Biemen">
                Fixed fatal error due to bug in memory_limit modification code.
            </action>
        </release>
        <release version="1.3.2"
                 date="2012/02/25"
                 description="This release closes a minor issue in PHP_PMD's
                              memory handling when it is run in a PHP environment
                              that uses the Suhosin patch and the suhosin.memory_limit
                              setting.">
            <action date="19e4fc5" dev="mapi" issue="25450811" system="pivotaltracker" type="fix" due-to="Gordon Franke">
                Alert disable memory_limit
            </action>
        </release>
        <release version="1.3.1"
                 date="2012/02/16"
                 description="The 1.3.1 release of PHPMD closes one critical bug
                              in PHPMD, that causes a fatal error due to the xdebug
                              max_nesting_level setting for very deep self calls on
                              methods.">

            <action date="f6550df" dev="mapi" issue="24975295" system="pivotaltracker" due-to="Akram" type="fix">
                Fatal: Maximum function nesting level reached in ASTNode.php:425
            </action>
        </release>

        <release version="1.3.0"
                 date="2012/02/04"
                 description="Version 1.3.0 now depends on PHP_Depend 1.0.0 which
                              has support for all the new language constructs
                              introduced with PHP 5.4. Additionally this release
                              contains some minor fixes for PHPMD's rule violation
                              messages.">

        </release>
        <release version="1.2.1"
                 date="2011/10/04"
				 description="The 1.2.1 release of PHPMD closes several minor
                              issues and bugs. Beside that we have added a
							  contribution by Francis Besset with additions
							  rules for PHPMD. Finally we have updated the
							  utilized PHP_Depend version to a newer release.">

            <action date="183fbd5" dev="mapi" issue="14990109" system="pivotaltracker" due-to="tdxtik" type="fix">
                False detection of unused variable
            </action>

            <action date="d162b21" dev="mapi" issue="23278127" system="pivotaltracker" due-to="Hugo Hamon" due-to-email="hugo.hamon@sensio.com" type="fix">
                PHPMD should exclude unused parameters from inherited methods
            </action>

            <action date="7bcddde" dev="mapi" issue="11055167" system="pivotaltracker" type="update">
                Move PHPUnit annotations from method doc block to class doc block
            </action>
            <action date="d3d553f" dev="mapi" issue="9355859" system="pivotaltracker" type="fix">
                PHP_Depend exceptions are silently ignored
			</action>
			<action date="7176e74" dev="mapi" due-to="Francis Besset" due-to-email="francis.besset@gmail.com" type="add">
				Added Superglobals rule in Controversial
			</action>
			<action date="1c3c260" dev="mapi" due-to="Francis Besset" due-to-email="francis.besset@gmail.com" type="add">
				Added rules to check CamelCase
			</action>
         </release>

        <release version="1.2.0"
                 date="2011/09/27"
                 description="Version 1.2.0 is a small feature release of PHPMD
                              that introduces the new command line option --strict.
                              This options forces PHPMD to apply all rules, even
                              if a source node contains the @SuppressWarnings
                              annotation.">
            <action date="0e60fb9" dev="francisbesset" system="pivotaltracker" due-to="francisbesset" due-to-email="francis.besset@gmail.com" type="add">
                Controverial PHPMD rule that checks if the project under
                test does not utilize PHP's super globals.
            </action>
            <action type="add" issue="18462127" dev="mapi" date="b066b44">
                PHPMD needs a *strict* mode.
            </action>
        </release>

        <release version="1.1.1"
                 date="2011/06/30"
                 description="Version 1.1.1 of PHPMD is a pure Bugfix release
                              that fixes an issue in PHPMD's package manifest.
                              This bug prevents Pyrus the PEAR2 installer from
                              installing PHPMD.">

            <action type="fix" issue="10096717" dev="mapi" date="f063bc9">
                Bug in PHPMD's package manifest file.
            </action>
        </release>

        <release version="1.1.0"
                 date="2011/03/20"
                 description="Version 1.1.0 of PHPMD was released on March the
                              20th 2011. The key features for this release were
                              two new rules. The first one utilizes the Coupling
                              Between Objects (CBO) metric to detect strongly
                              coupled classes. The second one detects the usage
                              of PHP's questionable 'goto' statement. Beside
                              that we have closed a minor bug in the
                              LongVariable rule, where also private properties
                              with descriptive names were reported. And finally
                              we have replaced deprecated PHPUnit features in
                              the PHPMD's test suite, so that PHPMD's tests
                              should now work with PHPUnit 3.4.x and 3.5.x
                              without deprecated warnings.">
            
            <action type="add" issue="10474873" dev="mapi" date="2745a20">
                Add rule for PHP's goto statement.
            </action>
            <action type="add" issue="10474987" dev="mapi" date="14277b4">
                Implement rule for CBO metric.
            </action>
            <action type="add" issue="11012465" dev="mapi" date="4adb88d">
                Replace deprecated PHPUnit features in test suite.
            </action>
            <action type="fix" issue="10096717" dev="mapi" date="f063bc9">
                LongVariable rule should not apply on private properties.
            </action>
        </release>

        <release version="1.0.1" date="2011/02/12">
            <action type="fix" issue="9930643" dev="mapi" date="531be78">
                The include_path does not match with PHP_Depend's new directory
                layout.
            </action>
            <action type="fix" issue="9626017" dev="mapi" date="b385f15">
                Clear temporary resources after a test has finished.
            </action>
        </release>

        <release version="1.0.0" date="2011/02/05">
            <action type="update">
                New source layout that follows maven's conventions for the
                directory structure of a product.
            </action>
            <action type="update">
                Switched to PHPUnit 3.5.x as testing framework
            </action>
            <action type="fix" issue="9626017" date="b385f15">
                Clear temporary resources after a test has finished.
            </action>
        </release>

        <release version="0.2.8" date="2010/11/25">
            <action type="update" due-to="Volker Dusch">
                Improved help text for the PHPMD command line. Thanks to Volker
                Dusch for this contribution. https://github.com/edorian/phpmd
            </action>
            <action type="update">
                PHPMD is now compatible with next PHP_Depend release 0.10.0
            </action>
        </release>

        <release version="0.2.7" date="2010/09/01">
            <action type="fix" issue="36" date="284">
                @SupressWarnings annotation does not work for
                UnusedPrivateMethod rule.
            </action>
            <action type="fix" issue="35" date="286">
                Stream Writer closes STDOUT.
            </action>
            <action type="fix" issue="33" date="264">
                PEAR package.xml does not @php_bin@ and @bin_dir@ on phpmd.bat.
            </action>
        </release>

        <release version="0.2.6" date="2010/07/03">
            <action type="add" issue="24" date="253">
                Implement Depth Of Inheritance Rule.
            </action>
            <action type="add" issue="25" date="252">
                Implement Number of Children Rule.
            </action>
            <action type="add" issue="26" date="251">
                Implement Rule that detects the usage of PHP's eval() function.
            </action>
            <action type="add" issue="27" date="250">
                Implement Rule that detects the usage of PHP's exit()
                expression.
            </action>
            <action type="add" issue="30" date="246">
                New option --version added to PHPMD's command line interface.
            </action>
            <action type="update">
                Names of several command line options unified with PHPUnit and
                PHPCPD. The --ignore option is now --exclude and --extensions
                is now --suffixes.
            </action>
            <action type="fix" issue="28" date="245">
                Unused local variable and unused parameter rule produces false
                positives.
            </action>
        </release>

        <release version="0.2.5" date="2010/04/03">
            <action type="add" issue="12" date="228">
                Add rule for the Weighted Methods Per Class Metric.
            </action>
            <action type="add" issue="16" date="220">
                Alternative syntax for properties in rule set files implemented.
            </action>
            <action type="fix" issue="17" date="226">
                Do not return success exit code when PHPMD detects rule
                violations in analyzed source code.
            </action>
            <action type="fix" issue="19" date="218">
                Super globals were detected as unused variables.
            </action>
            <action type="fix" issue="20" date="219">
                Local static variables were treated as unused variables.
            </action>
        </release>

        <release version="0.2.4" date="2010/03/08">
            <action type="fix">
                E_NOTICE bug fix in naming rule.
            </action>
        </release>

        <release version="0.2.3" date="2010/03/04">
            <action type="add" issue="9" date="200">
                Add support for "Suppress warnings" annotations.
            </action>
            <action type="add" issue="10" date="189">
                Support for exclude element in rule-set files added.
            </action>
            <action type="add" issue="13">
                Implement naming rules, e.g. short variables, parameter etc.
            </action>
            <action type="fix" issue="6">
                PHP Tokenizer required but no error when installing.
            </action>
            <action type="fix" issue="7" date="187">
                UnusedLocalVariable ruleset incorrectly flags variables as
                unused when used inside double quoted string.
            </action>
            <action type="fix" issue="14" date="203">
                ExcessivePublicCount rule should utilize PHP_Depend's cis
                metric.
            </action>
            <action type="fix" issue="15" date="202">
                ExcessivePublicCount rule is never used.
            </action>
        </release>

        <release version="0.2.2" date="2010/01/20">
            <action type="fix">
                Small change to the command line interface, which did not return
                an exit code != 0 when an exception occured.
            </action>
        </release>

        <release version="0.2.1" date="2010/01/05">
            <action type="add" issue="5" date="158">
                Allow multiple input files/directories.
            </action>
            <action type="add">
                Additional unit tests for multiple components added.
            </action>
        </release>

        <release version="0.2.0" date="2009/12/30">
            <action type="add" issue="2" date="134">
                Support for unused code fules completed.
            </action>
            <action type="add" issue="3">
                Text renderer implemented.
            </action>
            <action type="add" issue="4" date="139">
                Implement a html renderer.
            </action>
            <action type="update">
                Several performance improvements.
            </action>
        </release>

        <release version="0.1.0" date="2009/12/20" description="Initial release" />
    </body>
</document>
