<?xml version="1.0" encoding="utf-8"?>
<index>
    <site index="true">
        <name>PHP_Depend Handbook</name>
        <path>index.rst</path>
    </site>
    <directory>
        <name>Command Line</name>
        <path>command-line/</path>
    </directory>
    <directory>
        <name>Configuration</name>
        <path>configuration/</path>
    </directory>
    <directory>
        <name>Installation</name>
        <path>installation/</path>
    </directory>
    <directory>
        <name>Introduction</name>
        <path>introduction/</path>
    </directory>
    <directory> 
        <name>Reports</name>
        <path>reports/</path>
    </directory>
</index>

